timestamp,latitude,longitude,zoom,image_path,image_description,image_prompt,image_model,text_description,text_prompt,text_model,danger
2026-03-13T15:23:09.178694,-5.0,-55.0,10,C:\Users\theof\Documents\Group_D\images\-5.0_-55.0_10.png,"The image shows a satellite view of a green, unevenly textured surface. The predominant color of the surface is green, which could be a forest, urban area, or a patch of land with vegetation. The image is taken from a high angle, providing a bird's eye view of the landscape. The surface appears to be in a state of disrepair, with visible cracks and stains, suggesting that it has been exposed to the elements for an extended period. The vegetation density and health are not clearly visible, but the presence of trees or other vegetation indicates that there is some form of vegetation in the area. The image does not provide any information about human activity or development, but the presence of a large patch of land with vegetation could suggest that the area is experiencing some form of human intervention, such as deforestation or urban expansion. The image does not provide any information about the environmental changes that may have occurred in the area, but the presence of cracks and stains on the surface could be indicative of erosion or pollution.","Describe this satellite image in detail. Focus on: land cover type (forest, urban, agricultural, water, desert, etc.), vegetation density and health, signs of human activity or development, visible environmental changes such as deforestation, erosion, or pollution, and any other notable features visible from above.
",moondream,"Based on the provided satellite image description, here are the brief answers to each question:

1. There is no clear evidence of deforestation or significant loss of vegetation, as the vegetation density and health are not clearly visible, and the image only suggests the presence of trees or other vegetation.

2. There are no signs of urban sprawl or infrastructure encroachment on natural areas, as the image does not provide any information about human activity or development.

3. There are no visible signs of pollution, industrial activity, or waste dumping in the image.

4. There are signs of soil erosion, land degradation, or desertification, indicated by the visible cracks and stains on the surface, suggesting that the area has been exposed to the elements for an extended period.

5. There is no indication of water stress, flooding, or reduced water bodies in the image.

Overall risk summary: The presence of visible cracks and stains on the surface, suggesting soil erosion and land degradation, indicates a moderate environmental risk. The lack of clear evidence of deforestation, pollution, or water stress suggests that the risk is not extreme, but the image still warrants further investigation and monitoring to assess the extent of the environmental concerns. DANGER: NO","You are an environmental risk assessment expert. You have received the following description of a satellite image:
""{description}""
Based on this description, answer each of the following questions briefly: 1. Is there evidence of deforestation or significant loss of vegetation? 2. Are there signs of urban sprawl or infrastructure encroachment on natural areas? 3. Is there visible pollution, industrial activity, or waste dumping? 4. Are there signs of soil erosion, land degradation, or desertification? 5. Are there signs of water stress, flooding, or reduced water bodies?
After answering the questions, provide a short overall risk summary. Your final line must be exactly one of the following two options: DANGER: YES DANGER: NO
",llama3.2,N
2026-03-13T15:26:16.852546,40.0,7.0,10,C:\Users\theof\Documents\Group_D\images\40.0_7.0_10.png,"The image shows a satellite view of a dark blue area, possibly a forest or a desert, with a few visible signs of human activity or development. The land cover type is not clearly identifiable, but the area appears to be relatively dense with vegetation. The vegetation density and health are not clearly visible, but the image suggests that the area is not in a state of complete decay or abandonment. The image does not show any visible signs of human activity or development, such as roads, buildings, or other infrastructure. The image does not provide any information about the environmental changes that may have occurred in the area, such as deforestation, erosion, or pollution.","Describe this satellite image in detail. Focus on: land cover type (forest, urban, agricultural, water, desert, etc.), vegetation density and health, signs of human activity or development, visible environmental changes such as deforestation, erosion, or pollution, and any other notable features visible from above.
",moondream,"Based on the description, here are the answers to each question:

1. No, there is no clear evidence of deforestation or significant loss of vegetation.
2. No, there are no visible signs of urban sprawl or infrastructure encroachment on natural areas.
3. No, there is no visible pollution, industrial activity, or waste dumping.
4. No, there are no signs of soil erosion, land degradation, or desertification.
5. No, there are no signs of water stress, flooding, or reduced water bodies.

Overall Risk Summary: DANGER: NO","You are an environmental risk assessment expert. You have received the following description of a satellite image:
""{description}""
Based on this description, answer each of the following questions briefly: 1. Is there evidence of deforestation or significant loss of vegetation? 2. Are there signs of urban sprawl or infrastructure encroachment on natural areas? 3. Is there visible pollution, industrial activity, or waste dumping? 4. Are there signs of soil erosion, land degradation, or desertification? 5. Are there signs of water stress, flooding, or reduced water bodies?
After answering the questions, provide a short overall risk summary. Your final line must be exactly one of the following two options: DANGER: YES DANGER: NO
",llama3.2,N
2026-03-13T15:28:10.108067,23.0,13.0,8,C:\Users\theof\Documents\Group_D\images\23.0_13.0_8.png,"The image shows a satellite view of a desert landscape. The desert appears to be a mix of sand and dirt, with a brownish hue. The terrain is characterized by a large, flat area of sand, with a few small hills and valleys scattered throughout. The desert is not densely populated with vegetation, and the few visible plants are sparse and low to the ground. The image does not contain any discernible human activity or development, and the desert appears to be in a relatively remote and untouched location.","Describe this satellite image in detail. Focus on: land cover type (forest, urban, agricultural, water, desert, etc.), vegetation density and health, signs of human activity or development, visible environmental changes such as deforestation, erosion, or pollution, and any other notable features visible from above.
",moondream,"Based on the description:

1. There is no evidence of deforestation or significant loss of vegetation. The sparse and low-growing vegetation suggests that the area has not experienced significant habitat destruction or degradation.
2. There are no signs of urban sprawl or infrastructure encroachment on natural areas. The image shows a remote and untouched location with no visible human development or activity.
3. There are no visible signs of pollution, industrial activity, or waste dumping. The desert landscape appears pristine and unaffected by human impact.
4. There are signs of soil erosion, land degradation, or desertification, as the desert is characterized by a flat area of sand with a few small hills and valleys, suggesting that the terrain may have been altered over time.
5. There are no signs of water stress, flooding, or reduced water bodies. The image does not show any visible water bodies, and the desert landscape appears dry and arid.

Overall Risk Summary: DANGER: NO","You are an environmental risk assessment expert. You have received the following description of a satellite image:
""{description}""
Based on this description, answer each of the following questions briefly: 1. Is there evidence of deforestation or significant loss of vegetation? 2. Are there signs of urban sprawl or infrastructure encroachment on natural areas? 3. Is there visible pollution, industrial activity, or waste dumping? 4. Are there signs of soil erosion, land degradation, or desertification? 5. Are there signs of water stress, flooding, or reduced water bodies?
After answering the questions, provide a short overall risk summary. Your final line must be exactly one of the following two options: DANGER: YES DANGER: NO
",llama3.2,N
2026-03-13T19:44:53.633152,41.8902,12.4922,10,C:\Users\theof\Documents\Group_D\images\41.8902_12.4922_10.png,"The image presents a satellite view of a large, flat area of land, possibly a country or a region. The land cover type is predominantly green, indicating a significant amount of vegetation. The vegetation density appears to be relatively high, with a few patches of brown or desert-like areas. The land cover type also includes some urban areas, suggesting human activity or development in the region. The image does not show any visible signs of human activity or development, such as roads, buildings, or other infrastructure. The land cover type is consistent with a forested area, which is evident from the presence of trees and other vegetation. The image does not provide any specific information about the land cover type or the health of the vegetation.","Describe this satellite image in detail. Focus on: land cover type (forest, urban, agricultural, water, desert, etc.), vegetation density and health, signs of human activity or development, visible environmental changes such as deforestation, erosion, or pollution, and any other notable features visible from above.
",moondream,"Based on the description, here are the answers to the questions:

1. No, there is no evidence of deforestation or significant loss of vegetation. The vegetation density appears to be relatively high, and the image suggests a forested area.

2. No, there are no signs of urban sprawl or infrastructure encroachment on natural areas. The image does not show any visible signs of human activity or development.

3. No, there are no visible signs of pollution, industrial activity, or waste dumping.

4. No, there are no signs of soil erosion, land degradation, or desertification.

5. No, there are no signs of water stress, flooding, or reduced water bodies.

Overall risk summary:
DANGER: NO","You are an environmental risk assessment expert. You have received the following description of a satellite image:
""{description}""
Based on this description, answer each of the following questions briefly: 1. Is there evidence of deforestation or significant loss of vegetation? 2. Are there signs of urban sprawl or infrastructure encroachment on natural areas? 3. Is there visible pollution, industrial activity, or waste dumping? 4. Are there signs of soil erosion, land degradation, or desertification? 5. Are there signs of water stress, flooding, or reduced water bodies?
After answering the questions, provide a short overall risk summary. Your final line must be exactly one of the following two options: DANGER: YES DANGER: NO
",llama3.2,N
2026-03-13T19:48:57.522511,41.8902,12.4922,17,C:\Users\theof\Documents\Group_D\images\41.8902_12.4922_17.png,"The image presents a satellite view of a city with a large, circular stadium in the center. The city is surrounded by a mix of urban and rural areas, with buildings of varying heights and designs. The stadium is surrounded by a large parking lot, indicating a significant amount of human activity in the area. The city appears to be developing, as evidenced by the presence of the stadium and the parking lot. The vegetation density and health are relatively low, with only a few trees scattered throughout the city. The image also shows signs of human activity, such as the parking lot and the stadium, which are indicative of urban development.","Describe this satellite image in detail. Focus on: land cover type (forest, urban, agricultural, water, desert, etc.), vegetation density and health, signs of human activity or development, visible environmental changes such as deforestation, erosion, or pollution, and any other notable features visible from above.
",moondream,"Based on the satellite image description:

1. There is no explicit evidence of deforestation or significant loss of vegetation, but the relatively low vegetation density and scattered few trees suggest a lack of natural habitat preservation.

2. Yes, there are signs of urban sprawl and infrastructure encroachment on natural areas, as the stadium and parking lot are situated in the heart of the city, indicating human activity and development in the area.

3. There are no visible signs of pollution, industrial activity, or waste dumping mentioned in the description.

4. There are no signs of soil erosion, land degradation, or desertification mentioned in the description.

5. There are no signs of water stress, flooding, or reduced water bodies mentioned in the description.

Overall Risk Summary:
DANGER: YES","You are an environmental risk assessment expert. You have received the following description of a satellite image:
""{description}""
Based on this description, answer each of the following questions briefly: 1. Is there evidence of deforestation or significant loss of vegetation? 2. Are there signs of urban sprawl or infrastructure encroachment on natural areas? 3. Is there visible pollution, industrial activity, or waste dumping? 4. Are there signs of soil erosion, land degradation, or desertification? 5. Are there signs of water stress, flooding, or reduced water bodies?
After answering the questions, provide a short overall risk summary. Your final line must be exactly one of the following two options: DANGER: YES DANGER: NO
",llama3.2,Y
2026-03-16T00:48:56.355146,38.5225,8.8928,17,C:\Users\theof\Documents\Group_D\images\38.5225_8.8928_17.png,"The image shows a satellite view of a gray, flat, and mostly empty landscape. There are no discernible texts or human-made structures visible in the image. The land cover type appears to be a mix of water and land, with a few visible signs of human activity or development, such as a few buildings or roads. The vegetation density and health are relatively low, with sparse vegetation covering the area. The image does not provide any specific information about the availability of data or services, but it does show a clear view of the landscape without any obstructions.","Describe this satellite image in detail. Focus on: land cover type (forest, urban, agricultural, water, desert, etc.), vegetation density and health, signs of human activity or development, visible environmental changes such as deforestation, erosion, or pollution, and any other notable features visible from above.
",moondream,"Based on the description, here are the answers to the questions:

1. No, there is no evidence of deforestation or significant loss of vegetation. The vegetation density and health are described as ""relatively low,"" but it does not indicate a loss of vegetation.

2. Yes, there are signs of urban sprawl or infrastructure encroachment on natural areas, such as ""a few buildings or roads"" visible in the image.

3. There is no visible pollution, industrial activity, or waste dumping in the image.

4. There is no information provided to suggest signs of soil erosion, land degradation, or desertification.

5. There is no visible water stress, flooding, or reduced water bodies, but the image shows a ""clear view of the landscape without any obstructions,"" suggesting that the water bodies may be covered or not easily visible.

Overall Risk Summary: DANGER: YES","You are an environmental risk assessment expert. You have received the following description of a satellite image:
""{description}""
Based on this description, answer each of the following questions briefly: 1. Is there evidence of deforestation or significant loss of vegetation? 2. Are there signs of urban sprawl or infrastructure encroachment on natural areas? 3. Is there visible pollution, industrial activity, or waste dumping? 4. Are there signs of soil erosion, land degradation, or desertification? 5. Are there signs of water stress, flooding, or reduced water bodies?
After answering the questions, provide a short overall risk summary. Your final line must be exactly one of the following two options: DANGER: YES DANGER: NO
",llama3.2,Y
2026-03-16T00:50:20.742719,38.7527,9.1847,17,C:\Users\theof\Documents\Group_D\images\38.7527_9.1847_17.png,"The image shows a satellite view of a gray, flat, and mostly empty landscape. There are no discernible texts or human-made structures visible in the image. The land cover type appears to be a mix of water and land, with a few visible signs of human activity or development, such as a few buildings or roads. The vegetation density and health are relatively low, with sparse vegetation covering the area. The image does not provide any specific information about the availability of data or services, but it does show a clear view of the landscape without any obstructions.","Describe this satellite image in detail. Focus on: land cover type (forest, urban, agricultural, water, desert, etc.), vegetation density and health, signs of human activity or development, visible environmental changes such as deforestation, erosion, or pollution, and any other notable features visible from above.
",moondream,"Based on the satellite image description, here are the brief answers to each question:

1. No, there is no evident evidence of deforestation or significant loss of vegetation, as the vegetation density and health are relatively low, but sparse.

2. Yes, there are signs of urban sprawl or infrastructure encroachment on natural areas, indicated by the visible buildings and roads.

3. There is no visible pollution, industrial activity, or waste dumping mentioned in the description.

4. There are no signs of soil erosion, land degradation, or desertification mentioned.

5. There are no signs of water stress, flooding, or reduced water bodies mentioned, but it's worth noting that the landscape appears to be a mix of water and land.

Overall risk summary: The presence of urban sprawl and infrastructure development on natural areas indicates potential environmental degradation, but the lack of visible pollution, industrial activity, or waste dumping suggests that the primary risks are related to urbanization and development rather than severe environmental degradation. DANGER: NO","You are an environmental risk assessment expert. You have received the following description of a satellite image:
""{description}""
Based on this description, answer each of the following questions briefly: 1. Is there evidence of deforestation or significant loss of vegetation? 2. Are there signs of urban sprawl or infrastructure encroachment on natural areas? 3. Is there visible pollution, industrial activity, or waste dumping? 4. Are there signs of soil erosion, land degradation, or desertification? 5. Are there signs of water stress, flooding, or reduced water bodies?
After answering the questions, provide a short overall risk summary. Your final line must be exactly one of the following two options: DANGER: YES DANGER: NO
",llama3.2,N
2026-03-16T00:52:04.349338,38.7612,9.1618,16,C:\Users\theof\Documents\Group_D\images\38.7612_9.1618_16.png,"The image shows a satellite view of a gray, flat, and mostly empty landscape. There are no discernible texts or human-made structures visible in the image. The land cover type appears to be a mix of water and land, with a few visible signs of human activity or development, such as a few buildings or roads. The vegetation density and health are relatively low, with sparse vegetation covering the area. The image does not provide any specific information about the availability of data or services, but it does show a clear view of the landscape without any obstructions.","Describe this satellite image in detail. Focus on: land cover type (forest, urban, agricultural, water, desert, etc.), vegetation density and health, signs of human activity or development, visible environmental changes such as deforestation, erosion, or pollution, and any other notable features visible from above.
",moondream,"Based on the satellite image description, here are the answers to each question:

1. Yes, there is evidence of deforestation or significant loss of vegetation. The sparse vegetation covering the area suggests reduced plant cover and potentially deforested land.

2. Yes, there are signs of urban sprawl or infrastructure encroachment on natural areas. The visible buildings and roads indicate the presence of human-made structures, which suggests urban development.

3. There is no visible evidence of pollution, industrial activity, or waste dumping. The image does not provide any signs of pollution or human-made waste, but this does not necessarily mean it's not present.

4. There is no visible evidence of soil erosion, land degradation, or desertification. The image does not show any signs of soil erosion, such as landslides or mudslides, or any indication of land degradation or desertification.

5. There are no signs of water stress, flooding, or reduced water bodies. The image shows a clear view of the landscape without any obstructions, suggesting that water bodies are present and not degraded.

Overall Risk Summary:
The satellite image suggests a landscape with significant deforestation and urban development, but no visible signs of pollution, erosion, or water degradation. The presence of buildings and roads indicates potential human impact, but the lack of visible signs of environmental degradation suggests that the risk may not be as severe as it appears.","You are an environmental risk assessment expert. You have received the following description of a satellite image:
""{description}""
Based on this description, answer each of the following questions briefly: 1. Is there evidence of deforestation or significant loss of vegetation? 2. Are there signs of urban sprawl or infrastructure encroachment on natural areas? 3. Is there visible pollution, industrial activity, or waste dumping? 4. Are there signs of soil erosion, land degradation, or desertification? 5. Are there signs of water stress, flooding, or reduced water bodies?
After answering the questions, provide a short overall risk summary. Your final line must be exactly one of the following two options: DANGER: YES DANGER: NO
",llama3.2,N
2026-03-16T00:53:20.905834,40.7128,74.006,16,C:\Users\theof\Documents\Group_D\images\40.7128_74.006_16.png,"The image presents a satellite view of a mountainous landscape with a variety of land cover types, including a forested area, a desert, and a snow-covered mountain. The vegetation density and health vary across the different areas, with the forested region appearing more lush and the desert region appearing more barren. The presence of human activity or development is also evident in the image, as there are buildings and roads visible in the vicinity of the mountain. The satellite image provides a comprehensive view of the landscape, allowing for a better understanding of the diverse features and changes that occur in such environments.","Describe this satellite image in detail. Focus on: land cover type (forest, urban, agricultural, water, desert, etc.), vegetation density and health, signs of human activity or development, visible environmental changes such as deforestation, erosion, or pollution, and any other notable features visible from above.
",moondream,"Based on the description, here are the answers to the questions:

1. No, there is no explicit evidence of deforestation or significant loss of vegetation in the image. The forested region appears ""lush"", suggesting that it is healthy and dense.

2. Yes, there are signs of urban sprawl or infrastructure encroachment on natural areas, as buildings and roads are visible in the vicinity of the mountain.

3. There is no visible pollution, industrial activity, or waste dumping in the image.

4. There are signs of soil erosion, land degradation, or desertification, primarily in the desert region, which appears more ""barren"".

5. There are no signs of water stress, flooding, or reduced water bodies in the image.

Overall Risk Summary:
The risk summary is that there is moderate risk associated with the satellite image, primarily due to the presence of urban sprawl and infrastructure encroachment on natural areas, and signs of soil erosion and desertification in the desert region. However, there is no evidence of significant deforestation, pollution, or water stress.","You are an environmental risk assessment expert. You have received the following description of a satellite image:
""{description}""
Based on this description, answer each of the following questions briefly: 1. Is there evidence of deforestation or significant loss of vegetation? 2. Are there signs of urban sprawl or infrastructure encroachment on natural areas? 3. Is there visible pollution, industrial activity, or waste dumping? 4. Are there signs of soil erosion, land degradation, or desertification? 5. Are there signs of water stress, flooding, or reduced water bodies?
After answering the questions, provide a short overall risk summary. Your final line must be exactly one of the following two options: DANGER: YES DANGER: NO
",llama3.2,N
2026-03-16T00:53:28.324208,40.7128,74.006,16,C:\Users\theof\Documents\Group_D\images\40.7128_74.006_16.png,"The image presents a satellite view of a mountainous landscape with a variety of land cover types, including a forested area, a desert, and a snow-covered mountain. The vegetation density and health vary across the different areas, with the forested region appearing more lush and the desert region appearing more barren. The presence of human activity or development is also evident in the image, with visible signs of deforestation and erosion in the forested area. The snow-covered mountain suggests a colder climate, and the presence of a river flowing through the landscape indicates that the area may experience seasonal changes. The image provides a comprehensive view of the diverse and dynamic nature of the mountainous terrain.","Describe this satellite image in detail. Focus on: land cover type (forest, urban, agricultural, water, desert, etc.), vegetation density and health, signs of human activity or development, visible environmental changes such as deforestation, erosion, or pollution, and any other notable features visible from above.
",moondream,"Based on the description, here are the brief answers to each question:

1. Yes, there are signs of deforestation or significant loss of vegetation in the forested area, with visible evidence of erosion.

2. There are no obvious signs of urban sprawl or infrastructure encroachment on natural areas in the satellite image.

3. There is no visible pollution, industrial activity, or waste dumping in the image.

4. There are signs of soil erosion and land degradation in the forested area, as indicated by the visible signs of erosion.

5. There is a river flowing through the landscape, but no visible signs of water stress, flooding, or reduced water bodies.

Overall Risk Summary:
DANGER: YES","You are an environmental risk assessment expert. You have received the following description of a satellite image:
""{description}""
Based on this description, answer each of the following questions briefly: 1. Is there evidence of deforestation or significant loss of vegetation? 2. Are there signs of urban sprawl or infrastructure encroachment on natural areas? 3. Is there visible pollution, industrial activity, or waste dumping? 4. Are there signs of soil erosion, land degradation, or desertification? 5. Are there signs of water stress, flooding, or reduced water bodies?
After answering the questions, provide a short overall risk summary. Your final line must be exactly one of the following two options: DANGER: YES DANGER: NO
",llama3.2,Y
2026-03-16T00:58:12.468489,40.7128,-74.006,16,C:\Users\theof\Documents\Group_D\images\40.7128_-74.006_16.png,"The image presents a satellite view of a densely populated urban area, with a variety of buildings and structures. The city appears to be a mix of residential and commercial areas, as evidenced by the presence of numerous buildings. The image is taken from a high vantage point, providing a comprehensive view of the city's layout and infrastructure. The city's land cover type is predominantly urban, with a significant concentration of buildings and structures. The vegetation density and health are relatively low, indicating that the area may be experiencing some level of urbanization or development. The image also shows signs of human activity, such as roads and sidewalks, which are essential for city life. The presence of trees and other vegetation in the image suggests that the city is not entirely devoid of greenery, providing some balance to the urban landscape. The image also highlights the importance of urban planning and sustainable development to ensure the city's growth and well-being.","Describe this satellite image in detail. Focus on: land cover type (forest, urban, agricultural, water, desert, etc.), vegetation density and health, signs of human activity or development, visible environmental changes such as deforestation, erosion, or pollution, and any other notable features visible from above.
",moondream,"Based on the description, here are the answers to each question:

1. No, there is no evidence of deforestation or significant loss of vegetation. The vegetation density and health are relatively low, but there are still signs of trees and other vegetation present in the image.

2. There are signs of urban sprawl, as the image shows a mix of residential and commercial areas, with a significant concentration of buildings and structures. However, there is no evidence of infrastructure encroachment on natural areas.

3. There are no visible signs of pollution, industrial activity, or waste dumping in the image.

4. There are no signs of soil erosion, land degradation, or desertification in the image.

5. There are no signs of water stress, flooding, or reduced water bodies in the image.

Overall Risk Summary: The urban area appears to be experiencing some level of urbanization or development, but there are no severe signs of environmental degradation or risk associated with the satellite image.","You are an environmental risk assessment expert. You have received the following description of a satellite image:
""{description}""
Based on this description, answer each of the following questions briefly: 1. Is there evidence of deforestation or significant loss of vegetation? 2. Are there signs of urban sprawl or infrastructure encroachment on natural areas? 3. Is there visible pollution, industrial activity, or waste dumping? 4. Are there signs of soil erosion, land degradation, or desertification? 5. Are there signs of water stress, flooding, or reduced water bodies?
After answering the questions, provide a short overall risk summary. Your final line must be exactly one of the following two options: DANGER: YES DANGER: NO
",llama3.2,N
2026-03-16T01:08:38.104131,40.7128,-74.006,10,C:\Users\theof\Documents\Group_D\images\40.7128_-74.006_10.png,"The image presents a satellite view of a large city, likely New York City, with a focus on the surrounding water bodies. The city is situated on the East Coast of the United States, with the Hudson River flowing through its center. The city's land cover is predominantly urban, with buildings and infrastructure visible throughout the image. The surrounding water bodies include the Hudson River, which is a significant part of the city's landscape. The image also shows the coastline of New York City, which is densely populated with buildings and features a mix of urban and natural elements. The presence of trees and vegetation indicates that the city has a green space within its urban environment. The image provides a comprehensive view of the city's layout and its relationship with the surrounding water bodies.","Describe this satellite image in detail. Focus on: land cover type (forest, urban, agricultural, water, desert, etc.), vegetation density and health, signs of human activity or development, visible environmental changes such as deforestation, erosion, or pollution, and any other notable features visible from above.
",moondream,"Based on the description, here are the brief answers to the questions:

1. There is no evidence of deforestation or significant loss of vegetation. The presence of trees and vegetation suggests that the city has a green space within its urban environment.

2. There are signs of urban sprawl or infrastructure encroachment on natural areas, as the image shows a densely populated coastline with a mix of urban and natural elements.

3. There is no visible pollution, industrial activity, or waste dumping mentioned in the description. The focus of the image is on the city's layout and relationship with water bodies.

4. There are no signs of soil erosion, land degradation, or desertification mentioned in the description.

5. There are no signs of water stress, flooding, or reduced water bodies mentioned in the description. The image shows the Hudson River and the surrounding water bodies, suggesting that they are intact.

Overall Risk Summary:
DANGER: NO","You are an environmental risk assessment expert. You have received the following description of a satellite image:
""{description}""
Based on this description, answer each of the following questions briefly: 1. Is there evidence of deforestation or significant loss of vegetation? 2. Are there signs of urban sprawl or infrastructure encroachment on natural areas? 3. Is there visible pollution, industrial activity, or waste dumping? 4. Are there signs of soil erosion, land degradation, or desertification? 5. Are there signs of water stress, flooding, or reduced water bodies?
After answering the questions, provide a short overall risk summary. Your final line must be exactly one of the following two options: DANGER: YES DANGER: NO
",llama3.2,N
